algorithm,status,elapsed_s,started_at,finished_at,plaintext,reachable,collision_buckets,max_bucket,sample_cipher,sample_keys,checked
shimo-direct-ls2-v1,complete,0.079009707988007,2026-10-06T22:24:14.434+08:00,2026-10-06T22:24:14.513+08:00,00000000,254,254,8,00000000,0000000010 0011111011,262144
shimo-direct-ls2-v1,complete,0.079009707988007,2026-10-06T22:24:14.434+08:00,2026-10-06T22:24:14.513+08:00,00000001,254,254,8,00000001,0000110001 0011101000,262144
shimo-direct-ls2-v1,complete,0.079009707988007,2026-10-06T22:24:14.434+08:00,2026-10-06T22:24:14.513+08:00,00000010,254,254,8,00000000,0001001100 0010110101,262144
shimo-direct-ls2-v1,complete,0.079009707988007,2026-10-06T22:24:14.434+08:00,2026-10-06T22:24:14.513+08:00,00000011,254,254,8,00000000,0000100111 0011111110,262144
shimo-direct-ls2-v1,complete,0.079009707988007,2026-10-06T22:24:14.434+08:00,2026-10-06T22:24:14.513+08:00,00000100,254,254,8,00000001,0000100111 0011011110,262144
shimo-direct-ls2-v1,complete,0.079009707988007,2026-10-06T22:24:14.434+08:00,2026-10-06T22:24:14.513+08:00,00000101,254,254,8,00000000,0000100101 0011111100,262144
shimo-direct-ls2-v1,complete,0.079009707988007,2026-10-06T22:24:14.434+08:00,2026-10-06T22:24:14.513+08:00,00000110,254,254,8,00000000,1000010110 1011101111,262144
shimo-direct-ls2-v1,complete,0.079009707988007,2026-10-06T22:24:14.434+08:00,2026-10-06T22:24:14.513+08:00,00000111,254,254,8,00000000,1001001100 1010010101,262144
shimo-direct-ls2-v1,complete,0.079009707988007,2026-10-06T22:24:14.434+08:00,2026-10-06T22:24:14.513+08:00,00001000,254,254,8,00000000,0000011011 0011100010,262144
shimo-direct-ls2-v1,complete,0.079009707988007,2026-10-06T22:24:14.434+08:00,2026-10-06T22:24:14.513+08:00,00001001,254,254,8,00000000,1011000011 1111000011,262144
shimo-direct-ls2-v1,complete,0.079009707988007,2026-10-06T22:24:14.434+08:00,2026-10-06T22:24:14.513+08:00,00001010,254,254,8,00000000,0001010101 0010101100,262144
shimo-direct-ls2-v1,complete,0.079009707988007,2026-10-06T22:24:14.434+08:00,2026-10-06T22:24:14.513+08:00,00001011,254,254,8,00000000,0000011110 0100011110,262144
shimo-direct-ls2-v1,complete,0.079009707988007,2026-10-06T22:24:14.434+08:00,2026-10-06T22:24:14.513+08:00,00001100,254,254,8,00000000,0011000011 0111000011,262144
shimo-direct-ls2-v1,complete,0.079009707988007,2026-10-06T22:24:14.434+08:00,2026-10-06T22:24:14.513+08:00,00001101,254,254,8,00000000,0000011100 0100011100,262144
shimo-direct-ls2-v1,complete,0.079009707988007,2026-10-06T22:24:14.434+08:00,2026-10-06T22:24:14.513+08:00,00001110,254,254,8,00000000,0001000101 0101000101,262144
shimo-direct-ls2-v1,complete,0.079009707988007,2026-10-06T22:24:14.434+08:00,2026-10-06T22:24:14.513+08:00,00001111,254,254,8,00000000,1001110101 1010101100,262144
shimo-direct-ls2-v1,complete,0.079009707988007,2026-10-06T22:24:14.434+08:00,2026-10-06T22:24:14.513+08:00,00010000,254,254,8,00000000,0010001110 0110001110,262144
shimo-direct-ls2-v1,complete,0.079009707988007,2026-10-06T22:24:14.434+08:00,2026-10-06T22:24:14.513+08:00,00010001,254,254,8,00000000,1001010011 1101010011,262144
shimo-direct-ls2-v1,complete,0.079009707988007,2026-10-06T22:24:14.434+08:00,2026-10-06T22:24:14.513+08:00,00010010,254,254,8,00000000,0001110001 0010001000,262144
shimo-direct-ls2-v1,complete,0.079009707988007,2026-10-06T22:24:14.434+08:00,2026-10-06T22:24:14.513+08:00,00010011,254,254,8,00000000,0010101011 0110101011,262144
shimo-direct-ls2-v1,complete,0.079009707988007,2026-10-06T22:24:14.434+08:00,2026-10-06T22:24:14.513+08:00,00010100,254,254,8,00000000,0001110011 0101110011,262144
shimo-direct-ls2-v1,complete,0.079009707988007,2026-10-06T22:24:14.434+08:00,2026-10-06T22:24:14.513+08:00,00010101,254,254,8,00000000,0000101001 0011110000,262144
shimo-direct-ls2-v1,complete,0.079009707988007,2026-10-06T22:24:14.434+08:00,2026-10-06T22:24:14.513+08:00,00010110,254,254,8,00000000,1010101011 1110101011,262144
shimo-direct-ls2-v1,complete,0.079009707988007,2026-10-06T22:24:14.434+08:00,2026-10-06T22:24:14.513+08:00,00010111,254,254,8,00000000,0001110110 0101110110,262144
shimo-direct-ls2-v1,complete,0.079009707988007,2026-10-06T22:24:14.434+08:00,2026-10-06T22:24:14.513+08:00,00011000,254,254,8,00000000,0001001011 0010010111,262144
shimo-direct-ls2-v1,complete,0.079009707988007,2026-10-06T22:24:14.434+08:00,2026-10-06T22:24:14.513+08:00,00011001,254,254,8,00000000,1001101010 1101101010,262144
shimo-direct-ls2-v1,complete,0.079009707988007,2026-10-06T22:24:14.434+08:00,2026-10-06T22:24:14.513+08:00,00011010,254,254,8,00000000,0001101000 0010010001,262144
shimo-direct-ls2-v1,complete,0.079009707988007,2026-10-06T22:24:14.434+08:00,2026-10-06T22:24:14.513+08:00,00011011,254,254,8,00000000,0010010010 0110010010,262144
shimo-direct-ls2-v1,complete,0.079009707988007,2026-10-06T22:24:14.434+08:00,2026-10-06T22:24:14.513+08:00,00011100,254,254,8,00000000,0001101010 0010000111,262144
shimo-direct-ls2-v1,complete,0.079009707988007,2026-10-06T22:24:14.434+08:00,2026-10-06T22:24:14.513+08:00,00011101,254,254,8,00000000,0000010000 0100010000,262144
shimo-direct-ls2-v1,complete,0.079009707988007,2026-10-06T22:24:14.434+08:00,2026-10-06T22:24:14.513+08:00,00011110,254,254,8,00000000,0001001001 0101001001,262144
shimo-direct-ls2-v1,complete,0.079009707988007,2026-10-06T22:24:14.434+08:00,2026-10-06T22:24:14.513+08:00,00011111,254,254,8,00000000,1001111001 1010100000,262144
shimo-direct-ls2-v1,complete,0.079009707988007,2026-10-06T22:24:14.434+08:00,2026-10-06T22:24:14.513+08:00,00100000,254,254,8,00000000,0011001010 0111001010,262144
shimo-direct-ls2-v1,complete,0.079009707988007,2026-10-06T22:24:14.434+08:00,2026-10-06T22:24:14.513+08:00,00100001,254,254,8,00000000,0000110100 0100110100,262144
shimo-direct-ls2-v1,complete,0.079009707988007,2026-10-06T22:24:14.434+08:00,2026-10-06T22:24:14.513+08:00,00100010,254,254,8,00000000,0001111101 0010000100,262144
shimo-direct-ls2-v1,complete,0.079009707988007,2026-10-06T22:24:14.434+08:00,2026-10-06T22:24:14.513+08:00,00100011,254,254,8,00000000,0011101111 0111101111,262144
shimo-direct-ls2-v1,complete,0.079009707988007,2026-10-06T22:24:14.434+08:00,2026-10-06T22:24:14.513+08:00,00100100,254,254,8,00000000,0000110011 0100110011,262144
shimo-direct-ls2-v1,complete,0.079009707988007,2026-10-06T22:24:14.434+08:00,2026-10-06T22:24:14.513+08:00,00100101,254,254,8,00000000,0011101101 0111101101,262144
shimo-direct-ls2-v1,complete,0.079009707988007,2026-10-06T22:24:14.434+08:00,2026-10-06T22:24:14.513+08:00,00100110,254,254,8,00000000,1000100111 1011011110,262144
shimo-direct-ls2-v1,complete,0.079009707988007,2026-10-06T22:24:14.434+08:00,2026-10-06T22:24:14.513+08:00,00100111,254,254,8,00000000,0000110110 0100110110,262144
shimo-direct-ls2-v1,complete,0.079009707988007,2026-10-06T22:24:14.434+08:00,2026-10-06T22:24:14.513+08:00,00101000,254,254,8,00000000,0000101010 0100101010,262144
shimo-direct-ls2-v1,complete,0.079009707988007,2026-10-06T22:24:14.434+08:00,2026-10-06T22:24:14.513+08:00,00101001,254,254,8,00000000,0011010100 0111010100,262144
shimo-direct-ls2-v1,complete,0.079009707988007,2026-10-06T22:24:14.434+08:00,2026-10-06T22:24:14.513+08:00,00101010,254,254,8,00000000,0001100100 0010011101,262144
shimo-direct-ls2-v1,complete,0.079009707988007,2026-10-06T22:24:14.434+08:00,2026-10-06T22:24:14.513+08:00,00101011,254,254,8,00000000,1001000101 1010111101,262144
shimo-direct-ls2-v1,complete,0.079009707988007,2026-10-06T22:24:14.434+08:00,2026-10-06T22:24:14.513+08:00,00101100,254,254,8,00000000,0000001011 0011010011,262144
shimo-direct-ls2-v1,complete,0.079009707988007,2026-10-06T22:24:14.434+08:00,2026-10-06T22:24:14.513+08:00,00101101,254,254,8,00000000,1000111011 1011100010,262144
shimo-direct-ls2-v1,complete,0.079009707988007,2026-10-06T22:24:14.434+08:00,2026-10-06T22:24:14.513+08:00,00101110,254,254,8,00000000,0010001101 0110001101,262144
shimo-direct-ls2-v1,complete,0.079009707988007,2026-10-06T22:24:14.434+08:00,2026-10-06T22:24:14.513+08:00,00101111,254,254,8,00000000,0011010110 0111010110,262144
shimo-direct-ls2-v1,complete,0.079009707988007,2026-10-06T22:24:14.434+08:00,2026-10-06T22:24:14.513+08:00,00110000,254,254,8,00000000,0001000010 0010111111,262144
shimo-direct-ls2-v1,complete,0.079009707988007,2026-10-06T22:24:14.434+08:00,2026-10-06T22:24:14.513+08:00,00110001,254,254,8,00000000,1001000010 1101000010,262144
shimo-direct-ls2-v1,complete,0.079009707988007,2026-10-06T22:24:14.434+08:00,2026-10-06T22:24:14.513+08:00,00110010,254,254,8,00000000,0010111001 0110111001,262144
shimo-direct-ls2-v1,complete,0.079009707988007,2026-10-06T22:24:14.434+08:00,2026-10-06T22:24:14.513+08:00,00110011,254,254,8,00000000,0001100111 0010111010,262144
shimo-direct-ls2-v1,complete,0.079009707988007,2026-10-06T22:24:14.434+08:00,2026-10-06T22:24:14.513+08:00,00110100,254,254,8,00000000,1000101001 1100101001,262144
shimo-direct-ls2-v1,complete,0.079009707988007,2026-10-06T22:24:14.434+08:00,2026-10-06T22:24:14.513+08:00,00110101,254,254,8,00000000,0000111000 0011100001,262144
shimo-direct-ls2-v1,complete,0.079009707988007,2026-10-06T22:24:14.434+08:00,2026-10-06T22:24:14.513+08:00,00110110,254,254,8,00000000,0001000000 0101000000,262144
shimo-direct-ls2-v1,complete,0.079009707988007,2026-10-06T22:24:14.434+08:00,2026-10-06T22:24:14.513+08:00,00110111,254,254,8,00000000,1001010001 1010001000,262144
shimo-direct-ls2-v1,complete,0.079009707988007,2026-10-06T22:24:14.434+08:00,2026-10-06T22:24:14.513+08:00,00111000,254,254,8,00000000,0010100110 0110100110,262144
shimo-direct-ls2-v1,complete,0.079009707988007,2026-10-06T22:24:14.434+08:00,2026-10-06T22:24:14.513+08:00,00111001,254,254,8,00000000,1001111011 1010100110,262144
shimo-direct-ls2-v1,complete,0.079009707988007,2026-10-06T22:24:14.434+08:00,2026-10-06T22:24:14.513+08:00,00111010,254,254,8,00000000,0001011001 0010000001,262144
shimo-direct-ls2-v1,complete,0.079009707988007,2026-10-06T22:24:14.434+08:00,2026-10-06T22:24:14.513+08:00,00111011,254,254,8,00000000,1010000001 1110000001,262144
shimo-direct-ls2-v1,complete,0.079009707988007,2026-10-06T22:24:14.434+08:00,2026-10-06T22:24:14.513+08:00,00111100,254,254,8,00000000,0001011011 0101011011,262144
shimo-direct-ls2-v1,complete,0.079009707988007,2026-10-06T22:24:14.434+08:00,2026-10-06T22:24:14.513+08:00,00111101,254,254,8,00000000,0011011000 0111011000,262144
shimo-direct-ls2-v1,complete,0.079009707988007,2026-10-06T22:24:14.434+08:00,2026-10-06T22:24:14.513+08:00,00111110,254,254,8,00000000,0010100000 0110100000,262144
shimo-direct-ls2-v1,complete,0.079009707988007,2026-10-06T22:24:14.434+08:00,2026-10-06T22:24:14.513+08:00,00111111,254,254,8,00000000,0001011110 0101011110,262144
shimo-direct-ls2-v1,complete,0.079009707988007,2026-10-06T22:24:14.434+08:00,2026-10-06T22:24:14.513+08:00,01000000,254,254,8,00000000,1000101101 1100101101,262144
shimo-direct-ls2-v1,complete,0.079009707988007,2026-10-06T22:24:14.434+08:00,2026-10-06T22:24:14.513+08:00,01000001,254,254,8,00000000,0000100011 0011111010,262144
shimo-direct-ls2-v1,complete,0.079009707988007,2026-10-06T22:24:14.434+08:00,2026-10-06T22:24:14.513+08:00,01000010,254,254,8,00000000,0010111101 0011110111,262144
shimo-direct-ls2-v1,complete,0.079009707988007,2026-10-06T22:24:14.434+08:00,2026-10-06T22:24:14.513+08:00,01000011,254,254,8,00000000,0000101111 0001100101,262144
shimo-direct-ls2-v1,complete,0.079009707988007,2026-10-06T22:24:14.434+08:00,2026-10-06T22:24:14.513+08:00,01000100,254,254,8,00000000,0000110101 0011001100,262144
shimo-direct-ls2-v1,complete,0.079009707988007,2026-10-06T22:24:14.434+08:00,2026-10-06T22:24:14.513+08:00,01000101,254,254,8,00000000,1000011011 1100011011,262144
shimo-direct-ls2-v1,complete,0.079009707988007,2026-10-06T22:24:14.434+08:00,2026-10-06T22:24:14.513+08:00,01000110,254,254,8,00000000,1001011100 1010100101,262144
shimo-direct-ls2-v1,complete,0.079009707988007,2026-10-06T22:24:14.434+08:00,2026-10-06T22:24:14.513+08:00,01000111,254,254,8,00000000,1000000110 1011011111,262144
shimo-direct-ls2-v1,complete,0.079009707988007,2026-10-06T22:24:14.434+08:00,2026-10-06T22:24:14.513+08:00,01001000,254,254,8,00000000,0011000101 0111000101,262144
shimo-direct-ls2-v1,complete,0.079009707988007,2026-10-06T22:24:14.434+08:00,2026-10-06T22:24:14.513+08:00,01001001,254,254,8,00000000,0000011010 0100011010,262144
shimo-direct-ls2-v1,complete,0.079009707988007,2026-10-06T22:24:14.434+08:00,2026-10-06T22:24:14.513+08:00,01001010,254,254,8,00000000,0000010111 0001011101,262144
shimo-direct-ls2-v1,complete,0.079009707988007,2026-10-06T22:24:14.434+08:00,2026-10-06T22:24:14.513+08:00,01001011,254,254,8,00000000,1011000111 1111000111,262144
shimo-direct-ls2-v1,complete,0.079009707988007,2026-10-06T22:24:14.434+08:00,2026-10-06T22:24:14.513+08:00,01001100,254,254,8,00000000,0000101100 0011010101,262144
shimo-direct-ls2-v1,complete,0.079009707988007,2026-10-06T22:24:14.434+08:00,2026-10-06T22:24:14.513+08:00,01001101,254,254,8,00000000,1011111011 1111111011,262144
shimo-direct-ls2-v1,complete,0.079009707988007,2026-10-06T22:24:14.434+08:00,2026-10-06T22:24:14.513+08:00,01001110,254,254,8,00000000,0000000111 0001001101,262144
shimo-direct-ls2-v1,complete,0.079009707988007,2026-10-06T22:24:14.434+08:00,2026-10-06T22:24:14.513+08:00,01001111,254,254,8,00000000,1000111111 1011100110,262144
shimo-direct-ls2-v1,complete,0.079009707988007,2026-10-06T22:24:14.434+08:00,2026-10-06T22:24:14.513+08:00,01010000,254,254,8,00000000,1000010000 1001011010,262144
shimo-direct-ls2-v1,complete,0.079009707988007,2026-10-06T22:24:14.434+08:00,2026-10-06T22:24:14.513+08:00,01010001,254,254,8,00000000,0010101111 0110101111,262144
shimo-direct-ls2-v1,complete,0.079009707988007,2026-10-06T22:24:14.434+08:00,2026-10-06T22:24:14.513+08:00,01010010,254,254,8,00000000,0010000000 0110000000,262144
shimo-direct-ls2-v1,complete,0.079009707988007,2026-10-06T22:24:14.434+08:00,2026-10-06T22:24:14.513+08:00,01010011,254,254,8,00000000,0001111000 0010100011,262144
shimo-direct-ls2-v1,complete,0.079009707988007,2026-10-06T22:24:14.434+08:00,2026-10-06T22:24:14.513+08:00,01010100,254,254,8,00000000,0000111001 0011000000,262144
shimo-direct-ls2-v1,complete,0.079009707988007,2026-10-06T22:24:14.434+08:00,2026-10-06T22:24:14.513+08:00,01010101,254,254,8,00000000,0001100011 0101100011,262144
shimo-direct-ls2-v1,complete,0.079009707988007,2026-10-06T22:24:14.434+08:00,2026-10-06T22:24:14.513+08:00,01010110,254,254,8,00000000,0001001110 0101001110,262144
shimo-direct-ls2-v1,complete,0.079009707988007,2026-10-06T22:24:14.434+08:00,2026-10-06T22:24:14.513+08:00,01010111,254,254,8,00000000,1010011011 1110011011,262144
shimo-direct-ls2-v1,complete,0.079009707988007,2026-10-06T22:24:14.434+08:00,2026-10-06T22:24:14.513+08:00,01011000,254,254,8,00000000,0000000001 0100000001,262144
shimo-direct-ls2-v1,complete,0.079009707988007,2026-10-06T22:24:14.434+08:00,2026-10-06T22:24:14.513+08:00,01011001,254,254,8,00000000,0010010110 0110010110,262144
shimo-direct-ls2-v1,complete,0.079009707988007,2026-10-06T22:24:14.434+08:00,2026-10-06T22:24:14.513+08:00,01011010,254,254,8,00000000,0001100000 0010011011,262144
shimo-direct-ls2-v1,complete,0.079009707988007,2026-10-06T22:24:14.434+08:00,2026-10-06T22:24:14.513+08:00,01011011,254,254,8,00000000,0010011000 0110011000,262144
shimo-direct-ls2-v1,complete,0.079009707988007,2026-10-06T22:24:14.434+08:00,2026-10-06T22:24:14.513+08:00,01011100,254,254,8,00000000,0000100000 0011011001,262144
shimo-direct-ls2-v1,complete,0.079009707988007,2026-10-06T22:24:14.434+08:00,2026-10-06T22:24:14.513+08:00,01011101,254,254,8,00000000,0001011010 0101011010,262144
shimo-direct-ls2-v1,complete,0.079009707988007,2026-10-06T22:24:14.434+08:00,2026-10-06T22:24:14.513+08:00,01011110,254,254,8,00000000,0001000001 0101000001,262144
shimo-direct-ls2-v1,complete,0.079009707988007,2026-10-06T22:24:14.434+08:00,2026-10-06T22:24:14.513+08:00,01011111,254,254,8,00000000,1001001111 1010100010,262144
shimo-direct-ls2-v1,complete,0.079009707988007,2026-10-06T22:24:14.434+08:00,2026-10-06T22:24:14.513+08:00,01100000,254,254,8,00000000,1000011100 1100011100,262144
shimo-direct-ls2-v1,complete,0.079009707988007,2026-10-06T22:24:14.434+08:00,2026-10-06T22:24:14.513+08:00,01100001,254,254,8,00000000,0000110010 0011101011,262144
shimo-direct-ls2-v1,complete,0.079009707988007,2026-10-06T22:24:14.434+08:00,2026-10-06T22:24:14.513+08:00,01100010,254,254,8,00000000,0010001100 0011000110,262144
shimo-direct-ls2-v1,complete,0.079009707988007,2026-10-06T22:24:14.434+08:00,2026-10-06T22:24:14.513+08:00,01100011,254,254,8,00000000,1000010111 1100010111,262144
shimo-direct-ls2-v1,complete,0.079009707988007,2026-10-06T22:24:14.434+08:00,2026-10-06T22:24:14.513+08:00,01100100,254,254,8,00000000,0000000100 0011111101,262144
shimo-direct-ls2-v1,complete,0.079009707988007,2026-10-06T22:24:14.434+08:00,2026-10-06T22:24:14.513+08:00,01100101,254,254,8,00000000,1000001010 1100001010,262144
shimo-direct-ls2-v1,complete,0.079009707988007,2026-10-06T22:24:14.434+08:00,2026-10-06T22:24:14.513+08:00,01100110,254,254,8,00000000,1001101101 1010010100,262144
shimo-direct-ls2-v1,complete,0.079009707988007,2026-10-06T22:24:14.434+08:00,2026-10-06T22:24:14.513+08:00,01100111,254,254,8,00000000,0000111110 0001110100,262144
shimo-direct-ls2-v1,complete,0.079009707988007,2026-10-06T22:24:14.434+08:00,2026-10-06T22:24:14.513+08:00,01101000,254,254,8,00000000,0000001101 0100001101,262144
shimo-direct-ls2-v1,complete,0.079009707988007,2026-10-06T22:24:14.434+08:00,2026-10-06T22:24:14.513+08:00,01101001,254,254,8,00000000,0011010010 0111010010,262144
shimo-direct-ls2-v1,complete,0.079009707988007,2026-10-06T22:24:14.434+08:00,2026-10-06T22:24:14.513+08:00,01101010,254,254,8,00000000,0000100110 0001101100,262144
shimo-direct-ls2-v1,complete,0.079009707988007,2026-10-06T22:24:14.434+08:00,2026-10-06T22:24:14.513+08:00,01101011,254,254,8,00000000,1000001111 1011110111,262144
shimo-direct-ls2-v1,complete,0.079009707988007,2026-10-06T22:24:14.434+08:00,2026-10-06T22:24:14.513+08:00,01101100,254,254,8,00000000,0000011101 0011100100,262144
shimo-direct-ls2-v1,complete,0.079009707988007,2026-10-06T22:24:14.434+08:00,2026-10-06T22:24:14.513+08:00,01101101,254,254,8,00000000,1000000101 1011101010,262144
shimo-direct-ls2-v1,complete,0.079009707988007,2026-10-06T22:24:14.434+08:00,2026-10-06T22:24:14.513+08:00,01101110,254,254,8,00000000,1001110100 1101110100,262144
shimo-direct-ls2-v1,complete,0.079009707988007,2026-10-06T22:24:14.434+08:00,2026-10-06T22:24:14.513+08:00,01101111,254,254,8,00000000,0010010100 0011011110,262144
shimo-direct-ls2-v1,complete,0.079009707988007,2026-10-06T22:24:14.434+08:00,2026-10-06T22:24:14.513+08:00,01110000,254,254,8,00000000,0000001000 0100001000,262144
shimo-direct-ls2-v1,complete,0.079009707988007,2026-10-06T22:24:14.434+08:00,2026-10-06T22:24:14.513+08:00,01110001,254,254,8,00000000,0010111110 0110111110,262144
shimo-direct-ls2-v1,complete,0.079009707988007,2026-10-06T22:24:14.434+08:00,2026-10-06T22:24:14.513+08:00,01110010,254,254,8,00000000,0010110001 0110110001,262144
shimo-direct-ls2-v1,complete,0.079009707988007,2026-10-06T22:24:14.434+08:00,2026-10-06T22:24:14.513+08:00,01110011,254,254,8,00000000,0001101001 0010110010,262144
shimo-direct-ls2-v1,complete,0.079009707988007,2026-10-06T22:24:14.434+08:00,2026-10-06T22:24:14.513+08:00,01110100,254,254,8,00000000,0011110001 0111110001,262144
shimo-direct-ls2-v1,complete,0.079009707988007,2026-10-06T22:24:14.434+08:00,2026-10-06T22:24:14.513+08:00,01110101,254,254,8,00000000,0001110010 0101110010,262144
shimo-direct-ls2-v1,complete,0.079009707988007,2026-10-06T22:24:14.434+08:00,2026-10-06T22:24:14.513+08:00,01110110,254,254,8,00000000,0001111111 0101111111,262144
shimo-direct-ls2-v1,complete,0.079009707988007,2026-10-06T22:24:14.434+08:00,2026-10-06T22:24:14.513+08:00,01110111,254,254,8,00000000,1001000110 1010001010,262144
shimo-direct-ls2-v1,complete,0.079009707988007,2026-10-06T22:24:14.434+08:00,2026-10-06T22:24:14.513+08:00,01111000,254,254,8,00000000,0011101000 0111101000,262144
shimo-direct-ls2-v1,complete,0.079009707988007,2026-10-06T22:24:14.434+08:00,2026-10-06T22:24:14.513+08:00,01111001,254,254,8,00000000,1000111001 1001110011,262144
shimo-direct-ls2-v1,complete,0.079009707988007,2026-10-06T22:24:14.434+08:00,2026-10-06T22:24:14.513+08:00,01111010,254,254,8,00000000,0001010001 0010001011,262144
shimo-direct-ls2-v1,complete,0.079009707988007,2026-10-06T22:24:14.434+08:00,2026-10-06T22:24:14.513+08:00,01111011,254,254,8,00000000,1001111111 1010000011,262144
shimo-direct-ls2-v1,complete,0.079009707988007,2026-10-06T22:24:14.434+08:00,2026-10-06T22:24:14.513+08:00,01111100,254,254,8,00000000,0000010001 0011001001,262144
shimo-direct-ls2-v1,complete,0.079009707988007,2026-10-06T22:24:14.434+08:00,2026-10-06T22:24:14.513+08:00,01111101,254,254,8,00000000,1000001001 1001000011,262144
shimo-direct-ls2-v1,complete,0.079009707988007,2026-10-06T22:24:14.434+08:00,2026-10-06T22:24:14.513+08:00,01111110,254,254,8,00000000,0010101010 0110101010,262144
shimo-direct-ls2-v1,complete,0.079009707988007,2026-10-06T22:24:14.434+08:00,2026-10-06T22:24:14.513+08:00,01111111,254,254,8,00000000,0001010110 0101010110,262144
shimo-direct-ls2-v1,complete,0.079009707988007,2026-10-06T22:24:14.434+08:00,2026-10-06T22:24:14.513+08:00,10000000,254,254,8,00000000,0000001010 0011110011,262144
shimo-direct-ls2-v1,complete,0.079009707988007,2026-10-06T22:24:14.434+08:00,2026-10-06T22:24:14.513+08:00,10000001,254,254,8,00000000,1000000100 1011011101,262144
shimo-direct-ls2-v1,complete,0.079009707988007,2026-10-06T22:24:14.434+08:00,2026-10-06T22:24:14.513+08:00,10000010,254,254,8,00000000,0000000110 0011111111,262144
shimo-direct-ls2-v1,complete,0.079009707988007,2026-10-06T22:24:14.434+08:00,2026-10-06T22:24:14.513+08:00,10000011,254,254,8,00000000,0001101101 0010110100,262144
shimo-direct-ls2-v1,complete,0.079009707988007,2026-10-06T22:24:14.434+08:00,2026-10-06T22:24:14.513+08:00,10000100,254,254,8,00000000,1000100011 1011011010,262144
shimo-direct-ls2-v1,complete,0.079009707988007,2026-10-06T22:24:14.434+08:00,2026-10-06T22:24:14.513+08:00,10000101,254,254,8,00000000,0000101101 0011110100,262144
shimo-direct-ls2-v1,complete,0.079009707988007,2026-10-06T22:24:14.434+08:00,2026-10-06T22:24:14.513+08:00,10000110,254,254,8,00000000,1000011110 1011100111,262144
shimo-direct-ls2-v1,complete,0.079009707988007,2026-10-06T22:24:14.434+08:00,2026-10-06T22:24:14.513+08:00,10000111,254,254,8,00000000,1001000100 1010011101,262144
shimo-direct-ls2-v1,complete,0.079009707988007,2026-10-06T22:24:14.434+08:00,2026-10-06T22:24:14.513+08:00,10001000,254,254,8,00000000,0000010011 0011101010,262144
shimo-direct-ls2-v1,complete,0.079009707988007,2026-10-06T22:24:14.434+08:00,2026-10-06T22:24:14.513+08:00,10001001,254,254,8,00000000,1000111101 1011100100,262144
shimo-direct-ls2-v1,complete,0.079009707988007,2026-10-06T22:24:14.434+08:00,2026-10-06T22:24:14.513+08:00,10001010,254,254,8,00000000,0000011111 0011100110,262144
shimo-direct-ls2-v1,complete,0.079009707988007,2026-10-06T22:24:14.434+08:00,2026-10-06T22:24:14.513+08:00,10001011,254,254,8,00000000,0001010100 0101010100,262144
shimo-direct-ls2-v1,complete,0.079009707988007,2026-10-06T22:24:14.434+08:00,2026-10-06T22:24:14.513+08:00,10001100,254,254,8,00000000,0011001011 0111001011,262144
shimo-direct-ls2-v1,complete,0.079009707988007,2026-10-06T22:24:14.434+08:00,2026-10-06T22:24:14.513+08:00,10001101,254,254,8,00000000,0000010100 0100010100,262144
shimo-direct-ls2-v1,complete,0.079009707988007,2026-10-06T22:24:14.434+08:00,2026-10-06T22:24:14.513+08:00,10001110,254,254,8,00000000,0000001111 0100001111,262144
shimo-direct-ls2-v1,complete,0.079009707988007,2026-10-06T22:24:14.434+08:00,2026-10-06T22:24:14.513+08:00,10001111,254,254,8,00000000,1001111101 1010100100,262144
shimo-direct-ls2-v1,complete,0.079009707988007,2026-10-06T22:24:14.434+08:00,2026-10-06T22:24:14.513+08:00,10010000,254,254,8,00000000,0010000110 0110000110,262144
shimo-direct-ls2-v1,complete,0.079009707988007,2026-10-06T22:24:14.434+08:00,2026-10-06T22:24:14.513+08:00,10010001,254,254,8,00000000,1000011001 1011000000,262144
shimo-direct-ls2-v1,complete,0.079009707988007,2026-10-06T22:24:14.434+08:00,2026-10-06T22:24:14.513+08:00,10010010,254,254,8,00000000,0010001010 0110001010,262144
shimo-direct-ls2-v1,complete,0.079009707988007,2026-10-06T22:24:14.434+08:00,2026-10-06T22:24:14.513+08:00,10010011,254,254,8,00000000,0001110000 0010101001,262144
shimo-direct-ls2-v1,complete,0.079009707988007,2026-10-06T22:24:14.434+08:00,2026-10-06T22:24:14.513+08:00,10010100,254,254,8,00000000,0001111011 0101111011,262144
shimo-direct-ls2-v1,complete,0.079009707988007,2026-10-06T22:24:14.434+08:00,2026-10-06T22:24:14.513+08:00,10010101,254,254,8,00000000,0000100001 0011111000,262144
shimo-direct-ls2-v1,complete,0.079009707988007,2026-10-06T22:24:14.434+08:00,2026-10-06T22:24:14.513+08:00,10010110,254,254,8,00000000,0001000110 0101000110,262144
shimo-direct-ls2-v1,complete,0.079009707988007,2026-10-06T22:24:14.434+08:00,2026-10-06T22:24:14.513+08:00,10010111,254,254,8,00000000,1001001000 1010010001,262144
shimo-direct-ls2-v1,complete,0.079009707988007,2026-10-06T22:24:14.434+08:00,2026-10-06T22:24:14.513+08:00,10011000,254,254,8,00000000,0001000011 0010011111,262144
shimo-direct-ls2-v1,complete,0.079009707988007,2026-10-06T22:24:14.434+08:00,2026-10-06T22:24:14.513+08:00,10011001,254,254,8,00000000,1000100000 1011111001,262144
shimo-direct-ls2-v1,complete,0.079009707988007,2026-10-06T22:24:14.434+08:00,2026-10-06T22:24:14.513+08:00,10011010,254,254,8,00000000,0001001111 0010010011,262144
shimo-direct-ls2-v1,complete,0.079009707988007,2026-10-06T22:24:14.434+08:00,2026-10-06T22:24:14.513+08:00,10011011,254,254,8,00000000,0010010000 0110010000,262144
shimo-direct-ls2-v1,complete,0.079009707988007,2026-10-06T22:24:14.434+08:00,2026-10-06T22:24:14.513+08:00,10011100,254,254,8,00000000,0001100010 0010001111,262144
shimo-direct-ls2-v1,complete,0.079009707988007,2026-10-06T22:24:14.434+08:00,2026-10-06T22:24:14.513+08:00,10011101,254,254,8,00000000,0000011000 0100011000,262144
shimo-direct-ls2-v1,complete,0.079009707988007,2026-10-06T22:24:14.434+08:00,2026-10-06T22:24:14.513+08:00,10011110,254,254,8,00000000,0001011111 0101011111,262144
shimo-direct-ls2-v1,complete,0.079009707988007,2026-10-06T22:24:14.434+08:00,2026-10-06T22:24:14.513+08:00,10011111,254,254,8,00000000,1001110001 1010101000,262144
shimo-direct-ls2-v1,complete,0.079009707988007,2026-10-06T22:24:14.434+08:00,2026-10-06T22:24:14.513+08:00,10100000,254,254,8,00000000,0011000010 0111000010,262144
shimo-direct-ls2-v1,complete,0.079009707988007,2026-10-06T22:24:14.434+08:00,2026-10-06T22:24:14.513+08:00,10100001,254,254,8,00000000,0000111100 0100111100,262144
shimo-direct-ls2-v1,complete,0.079009707988007,2026-10-06T22:24:14.434+08:00,2026-10-06T22:24:14.513+08:00,10100010,254,254,8,00000000,0000110111 0011001110,262144
shimo-direct-ls2-v1,complete,0.079009707988007,2026-10-06T22:24:14.434+08:00,2026-10-06T22:24:14.513+08:00,10100011,254,254,8,00000000,0010100101 0110100101,262144
shimo-direct-ls2-v1,complete,0.079009707988007,2026-10-06T22:24:14.434+08:00,2026-10-06T22:24:14.513+08:00,10100100,254,254,8,00000000,0000111011 0100111011,262144
shimo-direct-ls2-v1,complete,0.079009707988007,2026-10-06T22:24:14.434+08:00,2026-10-06T22:24:14.513+08:00,10100101,254,254,8,00000000,0011100101 0111100101,262144
shimo-direct-ls2-v1,complete,0.079009707988007,2026-10-06T22:24:14.434+08:00,2026-10-06T22:24:14.513+08:00,10100110,254,254,8,00000000,1000101111 1011010110,262144
shimo-direct-ls2-v1,complete,0.079009707988007,2026-10-06T22:24:14.434+08:00,2026-10-06T22:24:14.513+08:00,10100111,254,254,8,00000000,0001111100 0101111100,262144
shimo-direct-ls2-v1,complete,0.079009707988007,2026-10-06T22:24:14.434+08:00,2026-10-06T22:24:14.513+08:00,10101000,254,254,8,00000000,0000100010 0100100010,262144
shimo-direct-ls2-v1,complete,0.079009707988007,2026-10-06T22:24:14.434+08:00,2026-10-06T22:24:14.513+08:00,10101001,254,254,8,00000000,0011011100 0111011100,262144
shimo-direct-ls2-v1,complete,0.079009707988007,2026-10-06T22:24:14.434+08:00,2026-10-06T22:24:14.513+08:00,10101010,254,254,8,00000000,0000101110 0011010111,262144
shimo-direct-ls2-v1,complete,0.079009707988007,2026-10-06T22:24:14.434+08:00,2026-10-06T22:24:14.513+08:00,10101011,254,254,8,00000000,1001001101 1010110101,262144
shimo-direct-ls2-v1,complete,0.079009707988007,2026-10-06T22:24:14.434+08:00,2026-10-06T22:24:14.513+08:00,10101100,254,254,8,00000000,0000000011 0011011011,262144
shimo-direct-ls2-v1,complete,0.079009707988007,2026-10-06T22:24:14.434+08:00,2026-10-06T22:24:14.513+08:00,10101101,254,254,8,00000000,1000001101 1011110101,262144
shimo-direct-ls2-v1,complete,0.079009707988007,2026-10-06T22:24:14.434+08:00,2026-10-06T22:24:14.513+08:00,10101110,254,254,8,00000000,0011000111 0111000111,262144
shimo-direct-ls2-v1,complete,0.079009707988007,2026-10-06T22:24:14.434+08:00,2026-10-06T22:24:14.513+08:00,10101111,254,254,8,00000000,0010011100 0110011100,262144
shimo-direct-ls2-v1,complete,0.079009707988007,2026-10-06T22:24:14.434+08:00,2026-10-06T22:24:14.513+08:00,10110000,254,254,8,00000000,0001001010 0010110111,262144
shimo-direct-ls2-v1,complete,0.079009707988007,2026-10-06T22:24:14.434+08:00,2026-10-06T22:24:14.513+08:00,10110001,254,254,8,00000000,1000001000 1011010001,262144
shimo-direct-ls2-v1,complete,0.079009707988007,2026-10-06T22:24:14.434+08:00,2026-10-06T22:24:14.513+08:00,10110010,254,254,8,00000000,0010111011 0110111011,262144
shimo-direct-ls2-v1,complete,0.079009707988007,2026-10-06T22:24:14.434+08:00,2026-10-06T22:24:14.513+08:00,10110011,254,254,8,00000000,0001100001 0010111000,262144
shimo-direct-ls2-v1,complete,0.079009707988007,2026-10-06T22:24:14.434+08:00,2026-10-06T22:24:14.513+08:00,10110100,254,254,8,00000000,1001100011 1010101111,262144
shimo-direct-ls2-v1,complete,0.079009707988007,2026-10-06T22:24:14.434+08:00,2026-10-06T22:24:14.513+08:00,10110101,254,254,8,00000000,0000110000 0011101001,262144
shimo-direct-ls2-v1,complete,0.079009707988007,2026-10-06T22:24:14.434+08:00,2026-10-06T22:24:14.513+08:00,10110110,254,254,8,00000000,0001110111 0101110111,262144
shimo-direct-ls2-v1,complete,0.079009707988007,2026-10-06T22:24:14.434+08:00,2026-10-06T22:24:14.513+08:00,10110111,254,254,8,00000000,1001011001 1010000000,262144
shimo-direct-ls2-v1,complete,0.079009707988007,2026-10-06T22:24:14.434+08:00,2026-10-06T22:24:14.513+08:00,10111000,254,254,8,00000000,0010101110 0110101110,262144
shimo-direct-ls2-v1,complete,0.079009707988007,2026-10-06T22:24:14.434+08:00,2026-10-06T22:24:14.513+08:00,10111001,254,254,8,00000000,1000110001 1011101000,262144
shimo-direct-ls2-v1,complete,0.079009707988007,2026-10-06T22:24:14.434+08:00,2026-10-06T22:24:14.513+08:00,10111010,254,254,8,00000000,0010000011 0110000011,262144
shimo-direct-ls2-v1,complete,0.079009707988007,2026-10-06T22:24:14.434+08:00,2026-10-06T22:24:14.513+08:00,10111011,254,254,8,00000000,0001011000 0101011000,262144
shimo-direct-ls2-v1,complete,0.079009707988007,2026-10-06T22:24:14.434+08:00,2026-10-06T22:24:14.513+08:00,10111100,254,254,8,00000000,0001010011 0101010011,262144
shimo-direct-ls2-v1,complete,0.079009707988007,2026-10-06T22:24:14.434+08:00,2026-10-06T22:24:14.513+08:00,10111101,254,254,8,00000000,0011010000 0111010000,262144
shimo-direct-ls2-v1,complete,0.079009707988007,2026-10-06T22:24:14.434+08:00,2026-10-06T22:24:14.513+08:00,10111110,254,254,8,00000000,0001101110 0010100010,262144
shimo-direct-ls2-v1,complete,0.079009707988007,2026-10-06T22:24:14.434+08:00,2026-10-06T22:24:14.513+08:00,10111111,254,254,8,00000000,1001100000 1010111001,262144
shimo-direct-ls2-v1,complete,0.079009707988007,2026-10-06T22:24:14.434+08:00,2026-10-06T22:24:14.513+08:00,11000000,254,254,8,00000000,1011010100 1111010100,262144
shimo-direct-ls2-v1,complete,0.079009707988007,2026-10-06T22:24:14.434+08:00,2026-10-06T22:24:14.513+08:00,11000001,254,254,8,00000000,0000101011 0011110010,262144
shimo-direct-ls2-v1,complete,0.079009707988007,2026-10-06T22:24:14.434+08:00,2026-10-06T22:24:14.513+08:00,11000010,254,254,8,00000000,0000001110 0001000100,262144
shimo-direct-ls2-v1,complete,0.079009707988007,2026-10-06T22:24:14.434+08:00,2026-10-06T22:24:14.513+08:00,11000011,254,254,8,00000000,0010111100 0011110110,262144
shimo-direct-ls2-v1,complete,0.079009707988007,2026-10-06T22:24:14.434+08:00,2026-10-06T22:24:14.513+08:00,11000100,254,254,8,00000000,0000111101 0011000100,262144
shimo-direct-ls2-v1,complete,0.079009707988007,2026-10-06T22:24:14.434+08:00,2026-10-06T22:24:14.513+08:00,11000101,254,254,8,00000000,1011000010 1111000010,262144
shimo-direct-ls2-v1,complete,0.079009707988007,2026-10-06T22:24:14.434+08:00,2026-10-06T22:24:14.513+08:00,11000110,254,254,8,00000000,1001010100 1010101101,262144
shimo-direct-ls2-v1,complete,0.079009707988007,2026-10-06T22:24:14.434+08:00,2026-10-06T22:24:14.513+08:00,11000111,254,254,8,00000000,1000001110 1011010111,262144
shimo-direct-ls2-v1,complete,0.079009707988007,2026-10-06T22:24:14.434+08:00,2026-10-06T22:24:14.513+08:00,11001000,254,254,8,00000000,0011001101 0111001101,262144
shimo-direct-ls2-v1,complete,0.079009707988007,2026-10-06T22:24:14.434+08:00,2026-10-06T22:24:14.513+08:00,11001001,254,254,8,00000000,0000010010 0100010010,262144
shimo-direct-ls2-v1,complete,0.079009707988007,2026-10-06T22:24:14.434+08:00,2026-10-06T22:24:14.513+08:00,11001010,254,254,8,00000000,0010100100 0011101110,262144
shimo-direct-ls2-v1,complete,0.079009707988007,2026-10-06T22:24:14.434+08:00,2026-10-06T22:24:14.513+08:00,11001011,254,254,8,00000000,0000010110 0001011100,262144
shimo-direct-ls2-v1,complete,0.079009707988007,2026-10-06T22:24:14.434+08:00,2026-10-06T22:24:14.513+08:00,11001100,254,254,8,00000000,0000100100 0011011101,262144
shimo-direct-ls2-v1,complete,0.079009707988007,2026-10-06T22:24:14.434+08:00,2026-10-06T22:24:14.513+08:00,11001101,254,254,8,00000000,1000100010 1011001101,262144
shimo-direct-ls2-v1,complete,0.079009707988007,2026-10-06T22:24:14.434+08:00,2026-10-06T22:24:14.513+08:00,11001110,254,254,8,00000000,1010110100 1110110100,262144
shimo-direct-ls2-v1,complete,0.079009707988007,2026-10-06T22:24:14.434+08:00,2026-10-06T22:24:14.513+08:00,11001111,254,254,8,00000000,1000110111 1011101110,262144
shimo-direct-ls2-v1,complete,0.079009707988007,2026-10-06T22:24:14.434+08:00,2026-10-06T22:24:14.513+08:00,11010000,254,254,8,00000000,1011101001 1111101001,262144
shimo-direct-ls2-v1,complete,0.079009707988007,2026-10-06T22:24:14.434+08:00,2026-10-06T22:24:14.513+08:00,11010001,254,254,8,00000000,0010100111 0110100111,262144
shimo-direct-ls2-v1,complete,0.079009707988007,2026-10-06T22:24:14.434+08:00,2026-10-06T22:24:14.513+08:00,11010010,254,254,8,00000000,0001111001 0010000010,262144
shimo-direct-ls2-v1,complete,0.079009707988007,2026-10-06T22:24:14.434+08:00,2026-10-06T22:24:14.513+08:00,11010011,254,254,8,00000000,0010100001 0110100001,262144
shimo-direct-ls2-v1,complete,0.079009707988007,2026-10-06T22:24:14.434+08:00,2026-10-06T22:24:14.513+08:00,11010100,254,254,8,00000000,0000110001 0011001000,262144
shimo-direct-ls2-v1,complete,0.079009707988007,2026-10-06T22:24:14.434+08:00,2026-10-06T22:24:14.513+08:00,11010101,254,254,8,00000000,0001101011 0101101011,262144
shimo-direct-ls2-v1,complete,0.079009707988007,2026-10-06T22:24:14.434+08:00,2026-10-06T22:24:14.513+08:00,11010110,254,254,8,00000000,1001011000 1010100001,262144
shimo-direct-ls2-v1,complete,0.079009707988007,2026-10-06T22:24:14.434+08:00,2026-10-06T22:24:14.513+08:00,11010111,254,254,8,00000000,0001111110 0101111110,262144
shimo-direct-ls2-v1,complete,0.079009707988007,2026-10-06T22:24:14.434+08:00,2026-10-06T22:24:14.513+08:00,11011000,254,254,8,00000000,0000001001 0100001001,262144
shimo-direct-ls2-v1,complete,0.079009707988007,2026-10-06T22:24:14.434+08:00,2026-10-06T22:24:14.513+08:00,11011001,254,254,8,00000000,0010011110 0110011110,262144
shimo-direct-ls2-v1,complete,0.079009707988007,2026-10-06T22:24:14.434+08:00,2026-10-06T22:24:14.513+08:00,11011010,254,254,8,00000000,0001000111 0010011001,262144
shimo-direct-ls2-v1,complete,0.079009707988007,2026-10-06T22:24:14.434+08:00,2026-10-06T22:24:14.513+08:00,11011011,254,254,8,00000000,0010011010 0110011010,262144
shimo-direct-ls2-v1,complete,0.079009707988007,2026-10-06T22:24:14.434+08:00,2026-10-06T22:24:14.513+08:00,11011100,254,254,8,00000000,0000101000 0011010001,262144
shimo-direct-ls2-v1,complete,0.079009707988007,2026-10-06T22:24:14.434+08:00,2026-10-06T22:24:14.513+08:00,11011101,254,254,8,00000000,0001010010 0101010010,262144
shimo-direct-ls2-v1,complete,0.079009707988007,2026-10-06T22:24:14.434+08:00,2026-10-06T22:24:14.513+08:00,11011110,254,254,8,00000000,0001010111 0101010111,262144
shimo-direct-ls2-v1,complete,0.079009707988007,2026-10-06T22:24:14.434+08:00,2026-10-06T22:24:14.513+08:00,11011111,254,254,8,00000000,1001000111 1010101010,262144
shimo-direct-ls2-v1,complete,0.079009707988007,2026-10-06T22:24:14.434+08:00,2026-10-06T22:24:14.513+08:00,11100000,254,254,8,00000000,1000011010 1011100101,262144
shimo-direct-ls2-v1,complete,0.079009707988007,2026-10-06T22:24:14.434+08:00,2026-10-06T22:24:14.513+08:00,11100001,254,254,8,00000000,0000111010 0011100011,262144
shimo-direct-ls2-v1,complete,0.079009707988007,2026-10-06T22:24:14.434+08:00,2026-10-06T22:24:14.513+08:00,11100010,254,254,8,00000000,0000111111 0001110101,262144
shimo-direct-ls2-v1,complete,0.079009707988007,2026-10-06T22:24:14.434+08:00,2026-10-06T22:24:14.513+08:00,11100011,254,254,8,00000000,0010101101 0011100111,262144
shimo-direct-ls2-v1,complete,0.079009707988007,2026-10-06T22:24:14.434+08:00,2026-10-06T22:24:14.513+08:00,11100100,254,254,8,00000000,0000001100 0011110101,262144
shimo-direct-ls2-v1,complete,0.079009707988007,2026-10-06T22:24:14.434+08:00,2026-10-06T22:24:14.513+08:00,11100101,254,254,8,00000000,1000011101 1011010011,262144
shimo-direct-ls2-v1,complete,0.079009707988007,2026-10-06T22:24:14.434+08:00,2026-10-06T22:24:14.513+08:00,11100110,254,254,8,00000000,1001100101 1010011100,262144
shimo-direct-ls2-v1,complete,0.079009707988007,2026-10-06T22:24:14.434+08:00,2026-10-06T22:24:14.513+08:00,11100111,254,254,8,00000000,1011000110 1111000110,262144
shimo-direct-ls2-v1,complete,0.079009707988007,2026-10-06T22:24:14.434+08:00,2026-10-06T22:24:14.513+08:00,11101000,254,254,8,00000000,0000000101 0100000101,262144
shimo-direct-ls2-v1,complete,0.079009707988007,2026-10-06T22:24:14.434+08:00,2026-10-06T22:24:14.513+08:00,11101001,254,254,8,00000000,0011011010 0111011010,262144
shimo-direct-ls2-v1,complete,0.079009707988007,2026-10-06T22:24:14.434+08:00,2026-10-06T22:24:14.513+08:00,11101010,254,254,8,00000000,0010010101 0011011111,262144
shimo-direct-ls2-v1,complete,0.079009707988007,2026-10-06T22:24:14.434+08:00,2026-10-06T22:24:14.513+08:00,11101011,254,254,8,00000000,1000000111 1011111111,262144
shimo-direct-ls2-v1,complete,0.079009707988007,2026-10-06T22:24:14.434+08:00,2026-10-06T22:24:14.513+08:00,11101100,254,254,8,00000000,0000010101 0011101100,262144
shimo-direct-ls2-v1,complete,0.079009707988007,2026-10-06T22:24:14.434+08:00,2026-10-06T22:24:14.513+08:00,11101101,254,254,8,00000000,1000110011 1011111101,262144
shimo-direct-ls2-v1,complete,0.079009707988007,2026-10-06T22:24:14.434+08:00,2026-10-06T22:24:14.513+08:00,11101110,254,254,8,00000000,0010000101 0011001111,262144
shimo-direct-ls2-v1,complete,0.079009707988007,2026-10-06T22:24:14.434+08:00,2026-10-06T22:24:14.513+08:00,11101111,254,254,8,00000000,1000100110 1100100110,262144
shimo-direct-ls2-v1,complete,0.079009707988007,2026-10-06T22:24:14.434+08:00,2026-10-06T22:24:14.513+08:00,11110000,254,254,8,00000000,0000000000 0100000000,262144
shimo-direct-ls2-v1,complete,0.079009707988007,2026-10-06T22:24:14.434+08:00,2026-10-06T22:24:14.513+08:00,11110001,254,254,8,00000000,0010110110 0110110110,262144
shimo-direct-ls2-v1,complete,0.079009707988007,2026-10-06T22:24:14.434+08:00,2026-10-06T22:24:14.513+08:00,11110010,254,254,8,00000000,0010110011 0110110011,262144
shimo-direct-ls2-v1,complete,0.079009707988007,2026-10-06T22:24:14.434+08:00,2026-10-06T22:24:14.513+08:00,11110011,254,254,8,00000000,0001101111 0010110000,262144
shimo-direct-ls2-v1,complete,0.079009707988007,2026-10-06T22:24:14.434+08:00,2026-10-06T22:24:14.513+08:00,11110100,254,254,8,00000000,0011111001 0111111001,262144
shimo-direct-ls2-v1,complete,0.079009707988007,2026-10-06T22:24:14.434+08:00,2026-10-06T22:24:14.513+08:00,11110101,254,254,8,00000000,0001111010 0101111010,262144
shimo-direct-ls2-v1,complete,0.079009707988007,2026-10-06T22:24:14.434+08:00,2026-10-06T22:24:14.513+08:00,11110110,254,254,8,00000000,0001001000 0101001000,262144
shimo-direct-ls2-v1,complete,0.079009707988007,2026-10-06T22:24:14.434+08:00,2026-10-06T22:24:14.513+08:00,11110111,254,254,8,00000000,1001001110 1010000010,262144
shimo-direct-ls2-v1,complete,0.079009707988007,2026-10-06T22:24:14.434+08:00,2026-10-06T22:24:14.513+08:00,11111000,254,254,8,00000000,0011100000 0111100000,262144
shimo-direct-ls2-v1,complete,0.079009707988007,2026-10-06T22:24:14.434+08:00,2026-10-06T22:24:14.513+08:00,11111001,254,254,8,00000000,1010101110 1011100000,262144
shimo-direct-ls2-v1,complete,0.079009707988007,2026-10-06T22:24:14.434+08:00,2026-10-06T22:24:14.513+08:00,11111010,254,254,8,00000000,0010001001 0110001001,262144
shimo-direct-ls2-v1,complete,0.079009707988007,2026-10-06T22:24:14.434+08:00,2026-10-06T22:24:14.513+08:00,11111011,254,254,8,00000000,0001010000 0101010000,262144
shimo-direct-ls2-v1,complete,0.079009707988007,2026-10-06T22:24:14.434+08:00,2026-10-06T22:24:14.513+08:00,11111100,254,254,8,00000000,0000011001 0011000001,262144
shimo-direct-ls2-v1,complete,0.079009707988007,2026-10-06T22:24:14.434+08:00,2026-10-06T22:24:14.513+08:00,11111101,254,254,8,00000000,1010001111 1110001111,262144
shimo-direct-ls2-v1,complete,0.079009707988007,2026-10-06T22:24:14.434+08:00,2026-10-06T22:24:14.513+08:00,11111110,254,254,8,00000000,0001100110 0010101000,262144
shimo-direct-ls2-v1,complete,0.079009707988007,2026-10-06T22:24:14.434+08:00,2026-10-06T22:24:14.513+08:00,11111111,254,254,8,00000000,1010111011 1110111011,262144
